school_id,level,subject,tested,proficiency
400009,ES,reading,305,20.3
400011,ES,reading,209,41.6
400017,ES,reading,99,22.2
400021,ES,reading,345,38.3
400023,ES,reading,271,34.7
400024,ES,reading,319,27.6
400025,ES,reading,378,22.2
400027,ES,reading,330,35.5
400028,ES,reading,251,16.7
400029,ES,reading,302,22.8
400030,ES,reading,358,26.3
400031,ES,reading,423,20.3
400033,ES,reading,710,14.2
400035,ES,reading,202,33.7
400039,ES,reading,268,11.9
400044,ES,reading,569,16.9
400046,ES,reading,287,31.4
400047,ES,reading,166,29.5
400048,ES,reading,215,40.9
400049,ES,reading,294,24.8
400050,ES,reading,271,24
400052,ES,reading,264,39.4
400060,ES,reading,214,15.9
400061,ES,reading,157,19.7
400064,ES,reading,51,13.7
400066,ES,reading,35,34.3
400068,ES,reading,116,3.4
400069,ES,reading,168,13.7
400071,ES,reading,284,25
400075,ES,reading,240,24.2
400076,ES,reading,149,28.2
400077,ES,reading,250,20.8
400079,ES,reading,368,23.9
400080,ES,reading,390,20.3
400081,ES,reading,161,19.9
400082,ES,reading,284,14.1
400083,ES,reading,99,13.1
400084,ES,reading,177,46.3
400089,ES,reading,345,19.4
400092,ES,reading,139,7.9
400096,ES,reading,504,13.3
400101,ES,reading,265,16.6
400107,ES,reading,245,31.8
400111,ES,reading,268,36.2
400112,ES,reading,358,24.6
400114,ES,reading,165,25.5
400115,ES,reading,353,29.7
400116,ES,reading,210,11
400120,ES,reading,337,15.1
400121,ES,reading,246,15
400146,ES,reading,435,17
400151,ES,reading,75,22.7
400153,ES,reading,325,23.1
400159,ES,reading,287,19.5
400161,ES,reading,85,20
400162,ES,reading,274,28.5
400163,ES,reading,564,18.8
400165,ES,reading,181,27.1
400167,ES,reading,362,29.3
400168,ES,reading,351,41
400178,ES,reading,495,14.9
400180,ES,reading,621,20.5
400181,ES,reading,49,18.4
609716,ES,reading,124,3.2
609720,ES,reading,165,93.3
609725,ES,reading,55,54.5
609726,ES,reading,121,73.6
609734,ES,reading,162,81.5
609746,ES,reading,279,67.7
609755,ES,reading,270,96.7
609772,ES,reading,322,34.5
609773,ES,reading,195,36.9
609774,ES,reading,304,71.1
609777,ES,reading,149,43
609779,ES,reading,811,42.8
609780,ES,reading,132,8.3
609782,ES,reading,276,76.1
609783,ES,reading,15,0
609786,ES,reading,132,28.8
609788,ES,reading,160,24.4
609789,ES,reading,248,13.3
609790,ES,reading,226,11.1
609791,ES,reading,174,13.2
609792,ES,reading,555,28.3
609793,ES,reading,272,11.4
609794,ES,reading,179,96.6
609795,ES,reading,91,22
609796,ES,reading,644,60.2
609797,ES,reading,164,11
609798,ES,reading,334,44.6
609799,ES,reading,549,76.7
609800,ES,reading,163,20.9
609803,ES,reading,356,70.2
609804,ES,reading,464,30.6
609805,ES,reading,186,19.9
609806,ES,reading,240,7.9
609807,ES,reading,259,15.4
609808,ES,reading,252,23.8
609809,ES,reading,419,38.4
609810,ES,reading,658,39.4
609811,ES,reading,113,10.6
609812,ES,reading,142,14.8
609813,ES,reading,66,18.2
609815,ES,reading,321,15
609817,ES,reading,386,44
609818,ES,reading,442,15.4
609819,ES,reading,152,5.3
609820,ES,reading,317,73.5
609821,ES,reading,259,14.7
609827,ES,reading,167,37.7
609828,ES,reading,310,69.4
609829,ES,reading,217,46.1
609830,ES,reading,211,17.1
609832,ES,reading,409,36.4
609833,ES,reading,131,22.9
609834,ES,reading,418,16.7
609835,ES,reading,442,11.8
609836,ES,reading,503,48.9
609837,ES,reading,283,36
609839,ES,reading,232,31.5
609842,ES,reading,523,34
609844,ES,reading,170,7.1
609845,ES,reading,284,8.8
609848,ES,reading,148,23
609849,ES,reading,237,58.2
609850,ES,reading,237,31.6
609851,ES,reading,143,17.5
609852,ES,reading,322,52.5
609853,ES,reading,181,34.8
609854,ES,reading,178,13.5
609855,ES,reading,141,7.8
609856,ES,reading,363,26.4
609857,ES,reading,249,26.5
609859,ES,reading,676,26.2
609861,ES,reading,245,25.3
609862,ES,reading,150,15.3
609863,ES,reading,186,25.3
609864,ES,reading,178,16.9
609865,ES,reading,281,9.6
609866,ES,reading,531,70.6
609867,ES,reading,301,15.6
609869,ES,reading,116,12.9
609870,ES,reading,263,8.7
609872,ES,reading,193,18.7
609873,ES,reading,84,8.3
609874,ES,reading,691,34.6
609875,ES,reading,273,34.8
609876,ES,reading,302,7.3
609879,ES,reading,575,23.1
609880,ES,reading,219,90.4
609883,ES,reading,285,30.2
609884,ES,reading,448,31.3
609885,ES,reading,149,26.2
609887,ES,reading,358,41.9
609891,ES,reading,138,7.2
609893,ES,reading,421,34.2
609894,ES,reading,191,18.3
609895,ES,reading,120,30.8
609896,ES,reading,162,43.2
609897,ES,reading,160,10.6
609898,ES,reading,680,13.7
609899,ES,reading,468,61.8
609900,ES,reading,223,2.7
609901,ES,reading,281,62.6
609902,ES,reading,197,12.7
609903,ES,reading,748,20.2
609904,ES,reading,275,10.2
609907,ES,reading,190,28.4
609908,ES,reading,153,22.9
609909,ES,reading,32,65.6
609910,ES,reading,484,25.6
609912,ES,reading,283,30.4
609917,ES,reading,166,33.7
609918,ES,reading,140,12.1
609919,ES,reading,214,15.4
609920,ES,reading,266,12
609921,ES,reading,147,18.4
609922,ES,reading,238,14.7
609924,ES,reading,181,18.2
609925,ES,reading,117,10.3
609926,ES,reading,266,54.5
609927,ES,reading,149,18.8
609928,ES,reading,213,24.9
609929,ES,reading,206,13.6
609930,ES,reading,228,18.9
609933,ES,reading,158,9.5
609935,ES,reading,397,24.9
609937,ES,reading,504,40.1
609938,ES,reading,681,26
609939,ES,reading,187,14.4
609941,ES,reading,197,15.7
609942,ES,reading,429,37.1
609943,ES,reading,197,29.9
609944,ES,reading,194,56.2
609945,ES,reading,350,29.4
609947,ES,reading,216,9.3
609949,ES,reading,656,29.3
609951,ES,reading,196,15.8
609952,ES,reading,140,28.6
609954,ES,reading,160,23.8
609955,ES,reading,207,21.3
609956,ES,reading,249,32.5
609958,ES,reading,428,20.6
609959,ES,reading,339,52.5
609960,ES,reading,551,32.3
609961,ES,reading,184,14.7
609963,ES,reading,297,65.7
609964,ES,reading,335,5.4
609966,ES,reading,165,11.5
609967,ES,reading,147,19
609968,ES,reading,359,16.4
609969,ES,reading,192,30.2
609971,ES,reading,180,12.2
609972,ES,reading,590,15.6
609973,ES,reading,347,28.2
609974,ES,reading,411,91.7
609975,ES,reading,161,18.6
609976,ES,reading,517,32.7
609977,ES,reading,86,32.6
609978,ES,reading,210,21.4
609979,ES,reading,882,60.4
609981,ES,reading,126,15.1
609983,ES,reading,307,15
609985,ES,reading,120,9.2
609986,ES,reading,142,14.8
609987,ES,reading,96,13.5
609988,ES,reading,287,25.8
609990,ES,reading,486,60.7
609991,ES,reading,212,0.9
609993,ES,reading,212,17.5
609994,ES,reading,483,15.3
609995,ES,reading,344,34
609996,ES,reading,256,35.9
609997,ES,reading,93,6.5
610000,ES,reading,210,10.5
610002,ES,reading,149,25.5
610003,ES,reading,130,19.2
610004,ES,reading,120,17.5
610005,ES,reading,99,14.1
610006,ES,reading,487,32
610009,ES,reading,341,51.9
610010,ES,reading,114,36.8
610011,ES,reading,550,38.9
610013,ES,reading,163,9.8
610015,ES,reading,145,31
610016,ES,reading,189,52.4
610017,ES,reading,542,17.7
610019,ES,reading,105,21.9
610021,ES,reading,208,47.6
610022,ES,reading,481,22.5
610024,ES,reading,514,34
610026,ES,reading,440,68
610027,ES,reading,140,29.3
610029,ES,reading,125,3.2
610030,ES,reading,152,20.4
610032,ES,reading,174,26.4
610033,ES,reading,321,54.5
610034,ES,reading,132,6.8
610036,ES,reading,269,13.4
610037,ES,reading,148,18.2
610038,ES,reading,573,77
610039,ES,reading,397,33.8
610040,ES,reading,380,13.4
610041,ES,reading,714,22.5
610043,ES,reading,230,26.1
610044,ES,reading,177,19.8
610046,ES,reading,701,32.7
610047,ES,reading,138,8
610048,ES,reading,150,7.3
610051,ES,reading,519,11.2
610052,ES,reading,181,33.7
610053,ES,reading,630,18.6
610054,ES,reading,389,23.7
610055,ES,reading,110,16.4
610056,ES,reading,145,6.9
610057,ES,reading,318,9.1
610059,ES,reading,367,72.2
610060,ES,reading,297,56.9
610062,ES,reading,175,29.7
610063,ES,reading,198,7.6
610065,ES,reading,187,5.3
610066,ES,reading,133,86.5
610067,ES,reading,344,13.1
610068,ES,reading,659,19.9
610070,ES,reading,327,30.9
610073,ES,reading,235,53.2
610074,ES,reading,379,19
610076,ES,reading,250,20
610077,ES,reading,355,15.2
610078,ES,reading,396,44.7
610081,ES,reading,351,67.5
610082,ES,reading,713,69.8
610084,ES,reading,164,97.6
610086,ES,reading,145,27.6
610088,ES,reading,306,21.6
610089,ES,reading,273,35.5
610090,ES,reading,309,40.5
610091,ES,reading,193,32.6
610092,ES,reading,127,10.2
610093,ES,reading,102,30.4
610094,ES,reading,341,65.1
610095,ES,reading,211,29.9
610096,ES,reading,604,25.3
610097,ES,reading,341,8.5
610098,ES,reading,403,21.1
610099,ES,reading,227,54.6
610100,ES,reading,283,31.4
610101,ES,reading,520,20.4
610102,ES,reading,186,11.8
610103,ES,reading,343,14.6
610104,ES,reading,416,46.9
610105,ES,reading,372,62.4
610106,ES,reading,391,11.8
610107,ES,reading,190,15.8
610108,ES,reading,198,13.6
610109,ES,reading,155,26.5
610110,ES,reading,175,40
610111,ES,reading,453,36.9
610112,ES,reading,214,15.9
610115,ES,reading,164,14
610116,ES,reading,141,20.6
610117,ES,reading,188,30.9
610120,ES,reading,254,27.2
610121,ES,reading,182,21.4
610122,ES,reading,528,43.6
610123,ES,reading,100,10
610124,ES,reading,151,32.5
610125,ES,reading,291,26.8
610126,ES,reading,265,16.2
610127,ES,reading,591,37.9
610128,ES,reading,138,29.7
610129,ES,reading,219,35.6
610130,ES,reading,92,12
610131,ES,reading,69,23.2
610132,ES,reading,141,85.8
610133,ES,reading,163,6.7
610135,ES,reading,520,27.7
610136,ES,reading,239,79.5
610137,ES,reading,440,33.6
610138,ES,reading,545,51.4
610139,ES,reading,216,18.5
610141,ES,reading,331,67.1
610142,ES,reading,365,20
610143,ES,reading,150,6
610144,ES,reading,370,21.9
610145,ES,reading,401,27.7
610146,ES,reading,127,1.6
610147,ES,reading,440,50.9
610148,ES,reading,477,41.3
610152,ES,reading,212,25.9
610153,ES,reading,160,23.8
610155,ES,reading,395,66.6
610157,ES,reading,640,19.1
610158,ES,reading,239,29.3
610159,ES,reading,403,26.1
610165,ES,reading,274,11.3
610167,ES,reading,272,12.9
610170,ES,reading,447,42.1
610171,ES,reading,288,14.9
610172,ES,reading,135,15.6
610173,ES,reading,109,13.8
610174,ES,reading,167,14.4
610175,ES,reading,197,22.3
610176,ES,reading,254,20.5
610177,ES,reading,654,67.7
610178,ES,reading,89,22.5
610179,ES,reading,502,34.1
610180,ES,reading,209,6.7
610182,ES,reading,171,56.7
610183,ES,reading,254,8.7
610184,ES,reading,212,19.3
610185,ES,reading,689,27.1
610188,ES,reading,110,34.5
610191,ES,reading,382,66
610192,ES,reading,337,11.3
610193,ES,reading,206,16.5
610194,ES,reading,129,41.1
610195,ES,reading,424,40.1
610196,ES,reading,311,23.2
610197,ES,reading,296,24.3
610198,ES,reading,219,18.7
610199,ES,reading,107,28
610200,ES,reading,140,17.1
610201,ES,reading,542,56.6
610202,ES,reading,159,6.9
610203,ES,reading,344,30.8
610206,ES,reading,605,51.7
610207,ES,reading,162,20.4
610208,ES,reading,220,15.9
610209,ES,reading,441,9.1
610212,ES,reading,232,25.4
610213,ES,reading,284,21.8
610215,ES,reading,250,19.6
610216,ES,reading,147,16.3
610217,ES,reading,314,48.1
610218,ES,reading,172,26.2
610219,ES,reading,397,48.1
610220,ES,reading,402,55.2
610221,ES,reading,119,21.8
610223,ES,reading,204,5.9
610225,ES,reading,140,27.9
610226,ES,reading,348,19.5
610227,ES,reading,394,23.1
610228,ES,reading,152,8.6
610229,ES,reading,446,66.6
610230,ES,reading,293,60.1
610231,ES,reading,461,36.9
610234,ES,reading,180,17.8
610235,ES,reading,251,14.7
610237,ES,reading,156,9.6
610238,ES,reading,126,13.5
610239,ES,reading,325,11.4
610242,ES,reading,261,15.3
610246,ES,reading,544,37.7
610248,ES,reading,340,33.5
610249,ES,reading,207,34.8
610250,ES,reading,220,10.5
610251,ES,reading,194,16
610252,ES,reading,138,2.9
610254,ES,reading,201,9.5
610256,ES,reading,26,3.8
610257,ES,reading,142,19.7
610263,ES,reading,387,6.5
610268,ES,reading,218,12.8
610269,ES,reading,164,22
610271,ES,reading,178,23.6
610274,ES,reading,125,15.2
610276,ES,reading,157,4.5
610279,ES,reading,157,10.2
610281,ES,reading,375,7.2
610282,ES,reading,176,9.1
610284,ES,reading,169,22.5
610287,ES,reading,185,33
610290,ES,reading,176,8
610291,ES,reading,426,28.2
610293,ES,reading,180,9.4
610295,ES,reading,159,18.2
610298,ES,reading,175,82.3
610299,ES,reading,164,8.5
610300,ES,reading,218,12.4
610305,ES,reading,162,8.6
610312,ES,reading,64,31.3
610313,ES,reading,308,11
610315,ES,reading,67,26.9
610316,ES,reading,141,56
610317,ES,reading,179,34.6
610319,ES,reading,204,34.8
610325,ES,reading,323,30.7
610329,ES,reading,159,46.5
610339,ES,reading,218,7.8
610342,ES,reading,202,12.9
610345,ES,reading,201,12.9
610347,ES,reading,174,16.1
610350,ES,reading,238,55.9
610352,ES,reading,395,27.8
610353,ES,reading,403,14.6
610354,ES,reading,166,14.5
610355,ES,reading,136,14
610362,ES,reading,117,23.9
610363,ES,reading,819,45.9
610364,ES,reading,113,18.6
610366,ES,reading,136,22.1
610367,ES,reading,223,13.9
610368,ES,reading,223,9.4
610369,ES,reading,159,12.6
610391,ES,reading,227,47.1
610396,ES,reading,612,26.6
610405,ES,reading,224,25.4
610503,ES,reading,95,27.4
610515,ES,reading,227,52
610520,ES,reading,331,62.5
610521,ES,reading,77,20.8
610523,ES,reading,270,49.3
610530,ES,reading,107,18.7
610532,ES,reading,766,18.7
610533,ES,reading,518,25.1
610534,ES,reading,338,93.5
610539,ES,reading,461,21.7
610541,ES,reading,387,32.3
610542,ES,reading,412,31.1
610544,ES,reading,496,43.3
610548,ES,reading,224,62.1
610559,ES,reading,374,17.9
610564,ES,reading,160,42.5
610586,ES,reading,370,10.5
610588,ES,reading,855,25
610589,ES,reading,290,63.4
610590,ES,reading,256,87.9
400009,ES,math,306,5.6
400011,ES,math,209,15.3
400017,ES,math,99,5.1
400021,ES,math,341,12
400023,ES,math,269,38.3
400024,ES,math,313,16.9
400025,ES,math,377,13.8
400027,ES,math,330,22.4
400028,ES,math,251,5.2
400029,ES,math,299,12
400030,ES,math,358,14.2
400031,ES,math,423,6.1
400033,ES,math,711,2.5
400035,ES,math,199,15.1
400039,ES,math,264,2.3
400044,ES,math,569,2.8
400046,ES,math,287,19.9
400047,ES,math,166,21.1
400048,ES,math,215,22.3
400049,ES,math,293,5.5
400050,ES,math,272,8.8
400052,ES,math,262,11.8
400060,ES,math,214,10.3
400061,ES,math,157,3.2
400064,ES,math,51,3.9
400066,ES,math,35,2.9
400068,ES,math,117,0
400069,ES,math,166,1.2
400071,ES,math,285,13
400075,ES,math,240,17.5
400076,ES,math,149,18.1
400077,ES,math,253,4.7
400079,ES,math,367,10.4
400080,ES,math,389,9.5
400081,ES,math,161,4.3
400082,ES,math,284,11.3
400083,ES,math,99,13.1
400084,ES,math,177,18.6
400089,ES,math,345,8.1
400092,ES,math,139,6.5
400096,ES,math,504,5.8
400101,ES,math,264,3
400107,ES,math,243,16.5
400111,ES,math,268,10.4
400112,ES,math,358,7.3
400114,ES,math,165,10.9
400115,ES,math,355,11.5
400116,ES,math,211,5.2
400120,ES,math,337,8.3
400121,ES,math,246,4.5
400146,ES,math,435,6
400151,ES,math,75,10.7
400153,ES,math,323,7.4
400159,ES,math,287,9.8
400161,ES,math,84,6
400162,ES,math,273,10.6
400163,ES,math,564,9.2
400165,ES,math,179,10.1
400167,ES,math,362,11.3
400168,ES,math,350,20.6
400178,ES,math,492,5.5
400180,ES,math,621,12.4
400181,ES,math,49,2
609716,ES,math,120,0.8
609720,ES,math,197,95.9
609725,ES,math,55,9.1
609726,ES,math,121,47.9
609734,ES,math,160,71.3
609746,ES,math,276,49.6
609755,ES,math,272,96.7
609772,ES,math,322,16.8
609773,ES,math,195,25.6
609774,ES,math,304,58.6
609777,ES,math,149,16.8
609779,ES,math,811,28.9
609780,ES,math,132,3.8
609782,ES,math,275,64
609783,ES,math,15,0
609786,ES,math,132,6.1
609788,ES,math,160,8.1
609789,ES,math,248,7.3
609790,ES,math,229,2.2
609791,ES,math,173,3.5
609792,ES,math,554,16.2
609793,ES,math,270,2.6
609794,ES,math,179,92.7
609795,ES,math,91,8.8
609796,ES,math,644,41.1
609797,ES,math,164,7.3
609798,ES,math,334,37.7
609799,ES,math,549,63.6
609800,ES,math,162,2.5
609803,ES,math,356,66.6
609804,ES,math,459,18.5
609805,ES,math,186,11.3
609806,ES,math,251,2
609807,ES,math,258,1.9
609808,ES,math,248,8.9
609809,ES,math,416,23.6
609810,ES,math,655,24
609811,ES,math,113,0
609812,ES,math,142,7.7
609813,ES,math,65,13.8
609815,ES,math,320,7.8
609817,ES,math,385,28.3
609818,ES,math,442,7.2
609819,ES,math,149,1.3
609820,ES,math,316,63.3
609821,ES,math,260,4.6
609827,ES,math,167,13.8
609828,ES,math,310,40.6
609829,ES,math,216,19.4
609830,ES,math,212,2.8
609832,ES,math,409,15.9
609833,ES,math,130,6.2
609834,ES,math,418,5.3
609835,ES,math,433,2.8
609836,ES,math,503,35.6
609837,ES,math,283,20.1
609839,ES,math,232,9.1
609842,ES,math,518,15.1
609844,ES,math,165,4.2
609845,ES,math,281,3.2
609848,ES,math,148,1.4
609849,ES,math,237,37.6
609850,ES,math,236,18.2
609851,ES,math,143,3.5
609852,ES,math,323,36.8
609853,ES,math,181,12.2
609854,ES,math,177,2.8
609855,ES,math,140,5.7
609856,ES,math,361,12.5
609857,ES,math,249,8.4
609859,ES,math,676,18.5
609861,ES,math,242,8.7
609862,ES,math,149,6
609863,ES,math,186,16.7
609864,ES,math,178,2.8
609865,ES,math,281,6.8
609866,ES,math,530,59.6
609867,ES,math,301,8.3
609869,ES,math,116,4.3
609870,ES,math,262,5
609872,ES,math,193,6.2
609873,ES,math,84,1.2
609874,ES,math,688,35
609875,ES,math,273,11
609876,ES,math,297,3
609879,ES,math,575,15.1
609880,ES,math,218,89.9
609883,ES,math,285,2.8
609884,ES,math,445,16.9
609885,ES,math,149,13.4
609887,ES,math,358,14
609891,ES,math,137,1.5
609893,ES,math,420,23.6
609894,ES,math,190,2.1
609895,ES,math,120,18.3
609896,ES,math,164,32.3
609897,ES,math,157,1.9
609898,ES,math,680,6.3
609899,ES,math,468,43.2
609900,ES,math,221,3.2
609901,ES,math,281,47.3
609902,ES,math,197,2.5
609903,ES,math,748,6.7
609904,ES,math,274,2.9
609907,ES,math,189,10.1
609908,ES,math,153,7.2
609909,ES,math,32,34.4
609910,ES,math,483,17.6
609912,ES,math,283,28.6
609917,ES,math,166,13.9
609918,ES,math,143,1.4
609919,ES,math,212,2.8
609920,ES,math,265,5.3
609921,ES,math,145,6.2
609922,ES,math,238,8
609924,ES,math,179,2.2
609925,ES,math,117,3.4
609926,ES,math,266,28.2
609927,ES,math,148,4.7
609928,ES,math,209,6.2
609929,ES,math,204,6.9
609930,ES,math,227,4.8
609933,ES,math,151,1.3
609935,ES,math,397,12.8
609937,ES,math,504,29.6
609938,ES,math,679,9.3
609939,ES,math,187,2.7
609941,ES,math,197,6.6
609942,ES,math,430,20.9
609943,ES,math,197,3
609944,ES,math,193,18.1
609945,ES,math,353,23.2
609947,ES,math,215,1.9
609949,ES,math,657,18.4
609951,ES,math,196,5.6
609952,ES,math,139,16.5
609954,ES,math,158,11.4
609955,ES,math,206,3.9
609956,ES,math,249,20.5
609958,ES,math,428,15.4
609959,ES,math,339,58.7
609960,ES,math,551,19.1
609961,ES,math,181,4.4
609963,ES,math,300,56.7
609964,ES,math,335,3.9
609966,ES,math,166,4.2
609967,ES,math,148,10.8
609968,ES,math,354,5.6
609969,ES,math,192,9.9
609971,ES,math,197,2.5
609972,ES,math,588,7
609973,ES,math,344,13.4
609974,ES,math,411,86.9
609975,ES,math,161,6.2
609976,ES,math,515,15.5
609977,ES,math,86,8.1
609978,ES,math,209,4.8
609979,ES,math,882,56.5
609981,ES,math,126,9.5
609983,ES,math,306,5.2
609985,ES,math,121,1.7
609986,ES,math,140,2.9
609987,ES,math,97,4.1
609988,ES,math,287,9.8
609990,ES,math,483,49.9
609991,ES,math,209,1.4
609993,ES,math,212,4.2
609994,ES,math,483,8.9
609995,ES,math,344,22.4
609996,ES,math,255,28.2
609997,ES,math,93,0
610000,ES,math,210,8.1
610002,ES,math,148,16.9
610003,ES,math,130,4.6
610004,ES,math,116,10.3
610005,ES,math,97,9.3
610006,ES,math,486,15.4
610009,ES,math,338,33.4
610010,ES,math,113,14.2
610011,ES,math,550,26
610013,ES,math,163,4.3
610015,ES,math,145,17.9
610016,ES,math,188,34
610017,ES,math,535,7.9
610019,ES,math,105,8.6
610021,ES,math,207,30.4
610022,ES,math,483,9.5
610024,ES,math,513,17.9
610026,ES,math,439,33.9
610027,ES,math,140,16.4
610029,ES,math,125,0.8
610030,ES,math,152,6.6
610032,ES,math,174,5.7
610033,ES,math,321,43.9
610034,ES,math,130,3.8
610036,ES,math,269,4.1
610037,ES,math,152,4.6
610038,ES,math,569,71.9
610039,ES,math,396,21.7
610040,ES,math,380,8.2
610041,ES,math,713,7.9
610043,ES,math,229,9.6
610044,ES,math,177,8.5
610046,ES,math,701,17.3
610047,ES,math,135,1.5
610048,ES,math,141,1.4
610051,ES,math,515,8.2
610052,ES,math,178,12.9
610053,ES,math,626,9.6
610054,ES,math,389,10
610055,ES,math,113,1.8
610056,ES,math,145,4.8
610057,ES,math,318,2.2
610059,ES,math,367,56.1
610060,ES,math,294,45.9
610062,ES,math,174,11.5
610063,ES,math,195,3.6
610065,ES,math,188,0.5
610066,ES,math,133,67.7
610067,ES,math,341,6.2
610068,ES,math,659,17.5
610070,ES,math,326,18.4
610073,ES,math,236,45.3
610074,ES,math,377,8.8
610076,ES,math,251,5.2
610077,ES,math,355,6.8
610078,ES,math,395,20.8
610081,ES,math,351,52.1
610082,ES,math,714,48.3
610084,ES,math,164,90.2
610086,ES,math,144,5.6
610088,ES,math,306,9.5
610089,ES,math,273,24.5
610090,ES,math,311,13.2
610091,ES,math,194,4.1
610092,ES,math,127,2.4
610093,ES,math,102,7.8
610094,ES,math,340,55
610095,ES,math,211,12.3
610096,ES,math,603,10.6
610097,ES,math,340,6.2
610098,ES,math,402,8
610099,ES,math,227,33
610100,ES,math,283,9.5
610101,ES,math,520,12.7
610102,ES,math,185,2.7
610103,ES,math,345,4.6
610104,ES,math,416,39.7
610105,ES,math,371,46.1
610106,ES,math,390,3.8
610107,ES,math,190,5.8
610108,ES,math,197,9.6
610109,ES,math,165,10.9
610110,ES,math,174,8
610111,ES,math,451,18.4
610112,ES,math,215,5.1
610115,ES,math,161,5
610116,ES,math,140,10
610117,ES,math,188,34
610120,ES,math,254,12.6
610121,ES,math,179,3.9
610122,ES,math,552,28.1
610123,ES,math,101,6.9
610124,ES,math,149,8.7
610125,ES,math,290,8.6
610126,ES,math,265,7.9
610127,ES,math,591,24.2
610128,ES,math,139,5
610129,ES,math,220,15.9
610130,ES,math,92,4.3
610131,ES,math,69,8.7
610132,ES,math,141,65.2
610133,ES,math,162,0.6
610135,ES,math,519,13.3
610136,ES,math,241,58.5
610137,ES,math,439,18.7
610138,ES,math,542,37.6
610139,ES,math,217,4.1
610141,ES,math,332,45.8
610142,ES,math,362,14.1
610143,ES,math,151,3.3
610144,ES,math,370,9.2
610145,ES,math,401,10.7
610146,ES,math,123,1.6
610147,ES,math,440,34.1
610148,ES,math,478,33.5
610152,ES,math,210,9
610153,ES,math,158,7.6
610155,ES,math,395,60.3
610157,ES,math,639,11
610158,ES,math,239,13.8
610159,ES,math,403,18.1
610165,ES,math,274,2.9
610167,ES,math,271,4.1
610170,ES,math,444,23.4
610171,ES,math,287,5.2
610172,ES,math,135,3
610173,ES,math,109,9.2
610174,ES,math,166,17.5
610175,ES,math,197,13.2
610176,ES,math,253,7.5
610177,ES,math,654,60.4
610178,ES,math,90,12.2
610179,ES,math,501,18.4
610180,ES,math,208,1.9
610182,ES,math,171,36.3
610183,ES,math,253,7.1
610184,ES,math,211,3.8
610185,ES,math,689,13.4
610188,ES,math,110,10.9
610191,ES,math,381,42.8
610192,ES,math,334,4.2
610193,ES,math,206,4.4
610194,ES,math,129,13.2
610195,ES,math,426,20.7
610196,ES,math,288,18.8
610197,ES,math,292,14.4
610198,ES,math,220,11.8
610199,ES,math,105,22.9
610200,ES,math,140,3.6
610201,ES,math,541,33.8
610202,ES,math,160,7.5
610203,ES,math,344,23.3
610206,ES,math,605,19.3
610207,ES,math,162,3.7
610208,ES,math,221,3.2
610209,ES,math,442,7.9
610212,ES,math,229,13.5
610213,ES,math,284,6.3
610215,ES,math,253,7.9
610216,ES,math,144,12.5
610217,ES,math,314,44.6
610218,ES,math,171,11.1
610219,ES,math,396,20.7
610220,ES,math,402,43.8
610221,ES,math,119,9.2
610223,ES,math,203,3.9
610225,ES,math,140,10
610226,ES,math,348,18.7
610227,ES,math,395,8.6
610228,ES,math,152,3.3
610229,ES,math,444,54.3
610230,ES,math,292,50.7
610231,ES,math,456,27.4
610234,ES,math,182,3.3
610235,ES,math,250,2.8
610237,ES,math,156,1.9
610238,ES,math,125,5.6
610239,ES,math,325,2.5
610242,ES,math,261,6.9
610246,ES,math,544,18.6
610248,ES,math,340,23.8
610249,ES,math,207,16.4
610250,ES,math,219,6.4
610251,ES,math,193,4.7
610252,ES,math,138,0
610254,ES,math,200,3.5
610256,ES,math,26,7.7
610257,ES,math,142,3.5
610263,ES,math,386,1.3
610268,ES,math,219,4.1
610269,ES,math,164,11.6
610271,ES,math,178,8.4
610274,ES,math,126,4
610276,ES,math,153,2
610279,ES,math,157,1.3
610281,ES,math,374,3.7
610282,ES,math,176,4.5
610284,ES,math,170,15.9
610287,ES,math,185,11.9
610290,ES,math,175,1.7
610291,ES,math,426,19.5
610293,ES,math,179,5.6
610295,ES,math,160,6.3
610298,ES,math,175,61.1
610299,ES,math,160,3.1
610300,ES,math,217,3.7
610305,ES,math,162,1.9
610312,ES,math,64,18.8
610313,ES,math,299,3
610315,ES,math,67,3
610316,ES,math,141,21.3
610317,ES,math,178,11.2
610319,ES,math,204,8.8
610325,ES,math,323,14.9
610329,ES,math,160,30
610339,ES,math,214,2.8
610342,ES,math,200,12
610345,ES,math,199,2.5
610347,ES,math,173,5.8
610350,ES,math,238,34.5
610352,ES,math,395,16.5
610353,ES,math,403,5
610354,ES,math,166,7.8
610355,ES,math,137,5.1
610362,ES,math,118,8.5
610363,ES,math,815,31.8
610364,ES,math,113,5.3
610366,ES,math,135,5.9
610367,ES,math,221,3.6
610368,ES,math,225,1.3
610369,ES,math,159,3.1
610391,ES,math,230,32.2
610396,ES,math,614,10.7
610405,ES,math,222,14.4
610503,ES,math,95,5.3
610515,ES,math,227,36.1
610520,ES,math,334,49.1
610521,ES,math,78,19.2
610523,ES,math,266,34.2
610530,ES,math,107,15.9
610532,ES,math,765,9.3
610533,ES,math,516,8.7
610534,ES,math,338,92.6
610539,ES,math,460,11.7
610541,ES,math,386,19.7
610542,ES,math,414,25.1
610544,ES,math,496,14.9
610548,ES,math,225,45.8
610559,ES,math,374,6.7
610564,ES,math,160,21.3
610586,ES,math,370,5.7
610588,ES,math,854,19
610589,ES,math,290,49.3
610590,ES,math,256,62.5
400013,HS,reading,71.0,4.2
400013,HS,math,71.0,0.0
400022,HS,reading,143.0,32.9
400022,HS,math,143.0,11.9
400032,HS,reading,49.0,4.1
400032,HS,math,49.0,0.0
400033,HS,reading,69.0,2.9
400033,HS,math,69.0,0.0
400034,HS,reading,214.0,20.6
400034,HS,math,214.0,15.4
400035,HS,reading,93.0,32.3
400035,HS,math,93.0,36.6
400051,HS,reading,154.0,16.2
400051,HS,math,154.0,26.0
400052,HS,reading,125.0,5.6
400052,HS,math,125.0,3.2
400053,HS,reading,166.0,16.3
400053,HS,math,166.0,10.8
400054,HS,reading,217.0,26.7
400054,HS,math,217.0,24.4
400055,HS,reading,172.0,8.1
400055,HS,math,172.0,7.6
400056,HS,reading,60.0,6.7
400056,HS,math,60.0,0.0
400057,HS,reading,202.0,14.9
400057,HS,math,202.0,10.4
400058,HS,reading,69.0,0.0
400058,HS,math,69.0,1.4
400059,HS,reading,86.0,2.3
400059,HS,math,86.0,2.3
400061,HS,reading,106.0,2.8
400061,HS,math,106.0,0.0
400062,HS,reading,92.0,2.2
400062,HS,math,92.0,0.0
400064,HS,reading,54.0,1.9
400064,HS,math,54.0,1.9
400066,HS,reading,85.0,2.4
400066,HS,math,85.0,2.4
400077,HS,reading,79.0,11.4
400077,HS,math,79.0,3.8
400085,HS,reading,163.0,6.7
400085,HS,math,163.0,0.6
400086,HS,reading,21.0,4.8
400086,HS,math,21.0,0.0
400091,HS,reading,69.0,0.0
400091,HS,math,69.0,0.0
400094,HS,reading,60.0,8.3
400094,HS,math,60.0,1.7
400097,HS,reading,252.0,9.1
400097,HS,math,252.0,7.5
400098,HS,reading,212.0,13.2
400098,HS,math,212.0,13.2
400104,HS,reading,132.0,6.8
400104,HS,math,132.0,2.3
400105,HS,reading,38.0,7.9
400105,HS,math,38.0,0.0
400106,HS,reading,84.0,3.6
400106,HS,math,84.0,1.2
400117,HS,reading,106.0,8.5
400117,HS,math,106.0,2.8
400118,HS,reading,86.0,3.5
400118,HS,math,86.0,5.8
400119,HS,reading,37.0,0.0
400119,HS,math,37.0,0.0
400121,HS,reading,37.0,10.8
400121,HS,math,37.0,10.8
400123,HS,reading,36.0,0.0
400123,HS,math,36.0,0.0
400124,HS,reading,36.0,0.0
400124,HS,math,36.0,0.0
400125,HS,reading,70.0,1.4
400125,HS,math,69.0,1.4
400126,HS,reading,15.0,0.0
400126,HS,math,15.0,0.0
400128,HS,reading,45.0,2.2
400128,HS,math,44.0,0.0
400129,HS,reading,66.0,1.5
400129,HS,math,66.0,0.0
400130,HS,reading,16.0,0.0
400130,HS,math,16.0,0.0
400131,HS,reading,62.0,0.0
400131,HS,math,62.0,0.0
400133,HS,reading,102.0,1.0
400133,HS,math,102.0,0.0
400135,HS,reading,56.0,0.0
400135,HS,math,56.0,0.0
400136,HS,reading,44.0,11.4
400136,HS,math,44.0,2.3
400137,HS,reading,23.0,0.0
400137,HS,math,23.0,0.0
400139,HS,reading,54.0,0.0
400139,HS,math,54.0,1.9
400141,HS,reading,36.0,8.3
400141,HS,math,36.0,0.0
400143,HS,reading,48.0,6.3
400143,HS,math,48.0,0.0
400144,HS,reading,45.0,0.0
400144,HS,math,45.0,0.0
400145,HS,reading,30.0,0.0
400145,HS,math,30.0,0.0
400147,HS,reading,40.0,7.5
400147,HS,math,40.0,0.0
400149,HS,reading,136.0,2.9
400149,HS,math,136.0,2.2
400150,HS,reading,29.0,3.4
400150,HS,math,29.0,0.0
400156,HS,reading,128.0,5.5
400156,HS,math,128.0,3.9
400157,HS,reading,60.0,10.0
400157,HS,math,60.0,1.7
400161,HS,reading,28.0,0.0
400161,HS,math,28.0,0.0
400162,HS,reading,162.0,16.0
400162,HS,math,162.0,13.6
400164,HS,reading,20.0,5.0
400164,HS,math,19.0,0.0
400167,HS,reading,61.0,13.1
400167,HS,math,61.0,4.9
400169,HS,reading,274.0,15.3
400169,HS,math,274.0,18.2
400170,HS,reading,103.0,16.5
400170,HS,math,103.0,3.9
400172,HS,reading,77.0,1.3
400172,HS,math,77.0,0.0
400173,HS,reading,93.0,5.4
400173,HS,math,93.0,0.0
400175,HS,reading,46.0,4.3
400175,HS,math,46.0,2.2
400176,HS,reading,43.0,2.3
400176,HS,math,43.0,0.0
400179,HS,reading,248.0,14.5
400179,HS,math,248.0,15.7
400181,HS,reading,91.0,4.4
400181,HS,math,91.0,0.0
400182,HS,reading,121.0,7.4
400182,HS,math,121.0,3.3
609674,HS,reading,124.0,4.0
609674,HS,math,124.0,0.8
609676,HS,reading,85.0,1.2
609676,HS,math,85.0,0.0
609678,HS,reading,471.0,82.0
609678,HS,math,471.0,79.2
609679,HS,reading,259.0,14.7
609679,HS,math,259.0,10.0
609680,HS,reading,318.0,87.4
609680,HS,math,318.0,85.5
609682,HS,reading,87.0,4.6
609682,HS,math,87.0,2.3
609691,HS,reading,267.0,4.9
609691,HS,math,267.0,2.2
609692,HS,reading,229.0,3.9
609692,HS,math,229.0,7.0
609693,HS,reading,286.0,31.5
609693,HS,math,286.0,19.6
609694,HS,reading,266.0,63.5
609694,HS,math,266.0,53.0
609695,HS,reading,329.0,40.1
609695,HS,math,328.0,40.2
609698,HS,reading,151.0,4.6
609698,HS,math,151.0,3.3
609704,HS,reading,108.0,4.6
609704,HS,math,108.0,2.8
609705,HS,reading,65.0,3.1
609705,HS,math,65.0,0.0
609708,HS,reading,137.0,4.4
609708,HS,math,137.0,2.2
609709,HS,reading,87.0,1.1
609709,HS,math,87.0,0.0
609710,HS,reading,47.0,0.0
609710,HS,math,47.0,0.0
609712,HS,reading,24.0,0.0
609712,HS,math,24.0,4.2
609713,HS,reading,136.0,0.7
609713,HS,math,136.0,0.0
609715,HS,reading,391.0,9.5
609715,HS,math,391.0,5.6
609716,HS,reading,78.0,1.3
609716,HS,math,78.0,1.3
609718,HS,reading,359.0,12.3
609718,HS,math,359.0,6.4
609719,HS,reading,361.0,16.1
609719,HS,math,361.0,7.5
609720,HS,reading,1089.0,86.0
609720,HS,math,1089.0,82.0
609722,HS,reading,18.0,5.6
609722,HS,math,18.0,0.0
609723,HS,reading,42.0,0.0
609723,HS,math,42.0,0.0
609724,HS,reading,397.0,14.6
609724,HS,math,397.0,15.1
609725,HS,reading,311.0,3.9
609725,HS,math,311.0,1.0
609726,HS,reading,194.0,66.0
609726,HS,math,194.0,50.5
609727,HS,reading,99.0,4.0
609727,HS,math,99.0,1.0
609728,HS,reading,256.0,4.7
609728,HS,math,256.0,3.1
609729,HS,reading,294.0,9.5
609729,HS,math,294.0,6.5
609730,HS,reading,345.0,24.1
609730,HS,math,344.0,14.8
609732,HS,reading,262.0,3.1
609732,HS,math,262.0,3.4
609733,HS,reading,162.0,6.2
609733,HS,math,162.0,3.1
609734,HS,reading,1023.0,28.7
609734,HS,math,1023.0,20.1
609735,HS,reading,55.0,5.5
609735,HS,math,55.0,0.0
609737,HS,reading,392.0,34.2
609737,HS,math,392.0,30.4
609738,HS,reading,532.0,45.3
609738,HS,math,532.0,43.8
609739,HS,reading,394.0,8.1
609739,HS,math,394.0,5.8
609740,HS,reading,73.0,8.2
609740,HS,math,73.0,1.4
609741,HS,reading,426.0,8.2
609741,HS,math,426.0,6.1
609746,HS,reading,521.0,30.1
609746,HS,math,521.0,21.1
609748,HS,reading,4.0, 
609748,HS,math,4.0, 
609749,HS,reading,238.0,91.6
609749,HS,math,238.0,91.2
609750,HS,reading,11.0,0.0
609750,HS,math,11.0,0.0
609751,HS,reading,219.0,14.2
609751,HS,math,219.0,4.1
609753,HS,reading,156.0,28.2
609753,HS,math,156.0,14.1
609754,HS,reading,51.0,0.0
609754,HS,math,51.0,2.0
609755,HS,reading,454.0,85.0
609755,HS,math,454.0,83.9
609756,HS,reading,668.0,9.6
609756,HS,math,668.0,9.1
609759,HS,reading,162.0,4.9
609759,HS,math,162.0,0.6
609760,HS,reading,97.0,8.2
609760,HS,math,97.0,7.2
609761,HS,reading,77.0,6.5
609761,HS,math,77.0,0.0
609762,HS,reading,93.0,1.1
609762,HS,math,93.0,0.0
609764,HS,reading,423.0,8.7
609764,HS,math,423.0,4.0
609780,HS,reading,133.0,6.8
609780,HS,math,133.0,3.8
609783,HS,reading,29.0,0.0
609783,HS,math,28.0,3.6
610244,HS,reading,96.0,4.2
610244,HS,math,96.0,0.0
610245,HS,reading,9.0, 
610245,HS,math,9.0, 
610249,HS,reading,1.0, 
610249,HS,math,1.0, 
610304,HS,reading,103.0,10.7
610304,HS,math,103.0,8.7
610323,HS,reading,45.0,0.0
610323,HS,math,45.0,0.0
610334,HS,reading,29.0,0.0
610334,HS,math,28.0,0.0
610340,HS,reading,136.0,14.7
610340,HS,math,136.0,10.3
610357,HS,reading,20.0,0.0
610357,HS,math,20.0,0.0
610380,HS,reading,8.0, 
610380,HS,math,8.0, 
610381,HS,reading,19.0,10.5
610381,HS,math,19.0,0.0
610383,HS,reading,63.0,0.0
610383,HS,math,63.0,0.0
610384,HS,reading,107.0,11.2
610384,HS,math,107.0,13.1
610385,HS,reading,57.0,5.3
610385,HS,math,57.0,0.0
610386,HS,reading,40.0,2.5
610386,HS,math,40.0,0.0
610389,HS,reading,69.0,1.4
610389,HS,math,69.0,0.0
610390,HS,reading,92.0,17.4
610390,HS,math,92.0,7.6
610391,HS,reading,231.0,63.6
610391,HS,math,231.0,41.6
610392,HS,reading,66.0,9.1
610392,HS,math,66.0,1.5
610394,HS,reading,26.0,7.7
610394,HS,math,26.0,3.8
610402,HS,reading,74.0,31.1
610402,HS,math,74.0,25.7
610499,HS,reading,47.0,2.1
610499,HS,math,47.0,0.0
610513,HS,reading,22.0,22.7
610513,HS,math,22.0,13.6
610518,HS,reading,24.0,0.0
610518,HS,math,24.0,4.2
610524,HS,reading,105.0,16.2
610524,HS,math,105.0,13.3
610529,HS,reading,106.0,17.0
610529,HS,math,106.0,12.3
610543,HS,reading,304.0,18.8
610543,HS,math,304.0,19.4
610547,HS,reading,139.0,7.9
610547,HS,math,139.0,5.0
610557,HS,reading,79.0,5.1
610557,HS,math,79.0,2.5
610558,HS,reading,230.0,7.8
610558,HS,math,230.0,6.1
610561,HS,reading,53.0,3.8
610561,HS,math,53.0,0.0
610563,HS,reading,228.0,17.1
610563,HS,math,228.0,17.5
610564,HS,reading,136.0,33.8
610564,HS,math,136.0,6.6
610565,HS,reading,50.0,2.0
610565,HS,math,49.0,0.0
610568,HS,reading,59.0,8.5
610568,HS,math,58.0,1.7
610569,HS,reading,84.0,2.4
610569,HS,math,84.0,1.2
610570,HS,reading,52.0,5.8
610570,HS,math,52.0,0.0
610571,HS,reading,44.0,0.0
610571,HS,math,44.0,0.0
610573,HS,reading,5.0, 
610573,HS,math,5.0, 
610587,HS,reading,135.0,2.2
610587,HS,math,134.0,0.0
610592,HS,reading,136.0,1.5
610592,HS,math,136.0,0.7
610593,HS,reading,41.0,0.0
610593,HS,math,41.0,0.0
610594,HS,reading,41.0,4.9
610594,HS,math,41.0,2.4
